{
  "AFG": -0.8821052631578946,
  "ALB": -0.23757894736842103,
  "DZA": -1.0252105263157896,
  "AGO": -1.1705263157894739,
  "AZE": -0.8113157894736842,
  "ARG": 0.2954210526315789,
  "AUS": 0.29957894736842106,
  "AUT": 1.389736842105263,
  "BHR": 0.5506315789473684,
  "BGD": -0.8440526315789473,
  "ARM": 0.2537894736842105,
  "BEL": 1.1359473684210528,
  "BOL": -1.267736842105263,
  "BIH": 0.4512105263157895,
  "BWA": -0.1885263157894737,
  "BRA": 0.6070000000000001,
  "BGR": 0.6453684210526314,
  "MMR": -1.549684210526316,
  "BLR": 0.9206315789473687,
  "KHM": -0.7764210526315789,
  "CMR": -1.0077894736842106,
  "CAN": 0.9403684210526316,
  "LKA": -0.41078947368421054,
  "TCD": -2.1739473684210524,
  "CHL": -0.04252631578947369,
  "CHN": 1.216421052631579,
  "TWN": 1.6833684210526318,
  "COL": 0.2292105263157895,
  "COG": -1.5077368421052628,
  "COD": -1.936263157894737,
  "CRI": 0.21089473684210525,
  "HRV": 0.8296842105263158,
  "CUB": -0.5276315789473685,
  "CYP": 0.5987368421052631,
  "CZE": 1.4503157894736844,
  "BEN": -1.1319999999999997,
  "DNK": 1.0472105263157894,
  "DOM": -0.18578947368421053,
  "ECU": -0.883421052631579,
  "SLV": 0.008157894736842109,
  "GNQ": -1.8470000000000002,
  "ETH": -1.1225263157894734,
  "EST": 0.935736842105263,
  "FIN": 1.4408947368421052,
  "FRA": 1.229157894736842,
  "GAB": -0.8146315789473685,
  "GEO": 0.15536842105263154,
  "DEU": 1.525578947368421,
  "GHA": -0.9518947368421052,
  "GRC": 0.38000000000000006,
  "GTM": -0.1716842105263158,
  "GIN": -1.9529473684210523,
  "HTI": -1.2807368421052634,
  "HND": -0.5932631578947368,
  "HKG": 1.1382631578947369,
  "HUN": 1.233631578947368,
  "IND": 0.5951052631578947,
  "IDN": 0.22521052631578953,
  "IRN": -0.19884210526315788,
  "IRQ": -1.6834736842105262,
  "IRL": 1.2486315789473685,
  "ISR": 1.157578947368421,
  "ITA": 1.1979473684210524,
  "CIV": -1.1355789473684208,
  "JAM": -0.33963157894736845,
  "JPN": 2.0033157894736844,
  "KAZ": -0.1896842105263158,
  "JOR": 0.16905263157894734,
  "KEN": -0.33894736842105266,
  "KOR": 1.6753684210526316,
  "KWT": 0.09852631578947368,
  "KGZ": -0.1863157894736842,
  "LAO": -1.1835263157894735,
  "LBN": 0.3928421052631579,
  "LVA": 0.7659473684210527,
  "LBR": -1.137368421052632,
  "LBY": -1.3787368421052633,
  "LTU": 0.806421052631579,
  "MDG": -1.2486842105263158,
  "MWI": -1.2072105263157895,
  "MYS": 0.9395789473684211,
  "MLI": -0.860315789473684,
  "MRT": -1.8262105263157895,
  "MUS": 0.06278947368421052,
  "MEX": 0.9342105263157897,
  "MNG": -1.3021578947368422,
  "MDA": 0.0625263157894737,
  "MAR": -0.33778947368421053,
  "MOZ": -1.4332631578947368,
  "OMN": -0.23652631578947367,
  "NAM": -0.2898947368421053,
  "NPL": -0.20321052631578948,
  "NLD": 1.0161052631578946,
  "NZL": 0.525578947368421,
  "NIC": -1.0929473684210524,
  "NER": -0.7399473684210527,
  "NGA": -2.0492631578947367,
  "NOR": 1.0147894736842105,
  "PAK": -0.4312631578947369,
  "PAN": 0.601421052631579,
  "PNG": -2.1267368421052635,
  "PRY": -0.7029999999999998,
  "PER": -0.5936315789473685,
  "PHL": 0.5731052631578947,
  "POL": 1.048315789473684,
  "PRT": 0.7058947368421054,
  "QAT": 0.07621052631578946,
  "ROU": 0.8859473684210527,
  "RUS": 0.8126842105263157,
  "RWA": -0.7383157894736844,
  "SAU": 0.5740526315789474,
  "SEN": -0.5653157894736842,
  "SRB": 0.6744444444444444,
  "SGP": 1.5045789473684212,
  "SVK": 1.1794210526315791,
  "VNM": 0.2551578947368421,
  "SVN": 1.3442105263157895,
  "ZAF": 0.5,
  "ZWE": -0.8292631578947369,
  "ESP": 0.8715789473684211,
  "SDN": -2.1395263157894733,
  "SWZ": 0.42689473684210527,
  "SWE": 1.4361052631578948,
  "CHE": 1.7257894736842105,
  "TJK": -1.177578947368421,
  "THA": 0.8388947368421052,
  "TGO": -0.975578947368421,
  "TTO": -0.10957894736842104,
  "ARE": 0.5770000000000001,
  "TUN": 0.34,
  "TUR": 0.5670526315789474,
  "TKM": -1.5668947368421051,
  "UGA": -0.6742105263157894,
  "UKR": 0.704157894736842,
  "MKD": 0.05978947368421053,
  "EGY": -0.03526315789473684,
  "GBR": 1.326263157894737,
  "TZA": -0.9271578947368421,
  "USA": 1.2871052631578948,
  "BFA": -1.1977894736842107,
  "URY": 0.14021052631578948,
  "UZB": -0.5449999999999998,
  "VEN": -0.48305263157894734,
  "YEM": -1.6126315789473689,
  "ZMB": -0.6254736842105263
}