{
  "AGO": 0.2724179578472927,
  "BEN": 0.020305852016273385,
  "BDI": -0.06442825770989281,
  "BFA": 0.047539622859943266,
  "CMR": -0.13941853564114207,
  "CPV": -0.23726402885049028,
  "CAF": -0.1980429009806869,
  "TCD": -0.12035266428017814,
  "COG": -0.04606948676597923,
  "COM": -0.20534640331396867,
  "ETH": 0.009984169901012991,
  "GAB": -0.2068601220042198,
  "GHA": -0.055904964815814764,
  "GNB": -0.11546040702418031,
  "GIN": -0.024007936778973952,
  "CIV": -0.04822761013837235,
  "KEN": -0.014318673257394374,
  "LSO": 0.09079335433100416,
  "MDG": -0.020513060281407567,
  "MWI": -0.05021080634816463,
  "MLI": -0.14373504810030927,
  "MOZ": 0.07956194332732834,
  "MRT": -0.090937901910505,
  "MUS": 0.2831992430035328,
  "NER": 0.12011566501890981,
  "NGA": -0.07678119434564869,
  "RWA": 0.3459302533989227,
  "SEN": -0.05938341138099906,
  "SYC": -0.44995486920114824,
  "SLE": -0.1850564142702494,
  "STP": 0.1403916187727008,
  "SWZ": 0.12231550462524901,
  "TZA": -0.12301266018167006,
  "TGO": -0.2649981039856938,
  "UGA": -0.054700799457205504,
  "ZMB": -0.036719270220628035,
  "ZWE": -0.28793690024055174,
  "CHN": 0.2219141544574356,
  "IDN": -0.06839449642920839,
  "KHM": 0.169237267086527,
  "KOR": 0.2594707507968055,
  "LAO": 0.002877993522238572,
  "MYS": 0.9443620636735102,
  "MDV": -0.2628924035130789,
  "MNG": -0.061339934929184554,
  "PNG": -0.3773804224177938,
  "PHL": -0.003947653676719809,
  "SLB": -0.11631111709493137,
  "THA": 0.266284843226069,
  "VNM": 0.13967090719895087,
  "DZA": -0.2777749614045845,
  "EGY": 0.26240561012265534,
  "IRN": -0.5966517438014205,
  "JOR": -0.17881047990208232,
  "LBN": -0.2258745972035553,
  "MAR": 0.046626987804130576,
  "YEM": 0.0707751374878489,
  "ARG": -0.10657381322368269,
  "BRB": 0.17929771330064237,
  "BOL": -0.2442340095515894,
  "BRA": -0.06669042223870822,
  "CHL": 0.2847070486172676,
  "COL": 0.05274068254745143,
  "CRI": 0.29736512151526573,
  "DMA": -0.09529186133416374,
  "DOM": 0.12903293116574727,
  "ECU": -0.30391695173787053,
  "SLV": 0.1068454152189755,
  "GTM": -0.2102690228160114,
  "GUY": 0.2863113809170655,
  "HTI": -0.2593482054336759,
  "HND": -0.176304261809585,
  "JAM": -0.028416233093531914,
  "MEX": 0.030106377048087028,
  "NIC": 0.15031956381099193,
  "PAN": 0.1806403119861624,
  "PRY": -0.17409820246800245,
  "PER": 0.10109813190878149,
  "URY": 0.3135057095270718,
  "VEN": -0.33884580745681214,
  "ALB": -0.08211468227073164,
  "ARM": 0.23598129538355167,
  "AZE": 0.015337750447777925,
  "BLR": 0.09557384054779541,
  "BGR": -0.1336763310749332,
  "HRV": -0.23201368871674574,
  "EST": 0.40979416983892725,
  "GEO": 0.128931993417693,
  "HUN": -0.09586399622041837,
  "KAZ": -0.13355303042908923,
  "KGZ": 0.08214806995546266,
  "LVA": 0.1856085627682632,
  "LTU": -0.17450942062077116,
  "MDA": 0.019471394941104704,
  "POL": -0.016837148562562524,
  "ROU": -0.07323296635905427,
  "RUS": -0.06961257386693152,
  "SVK": 0.02498727937261926,
  "TJK": 0.2271748602607618,
  "TUR": 0.23601685060169172,
  "UKR": -0.0581725408535324,
  "UZB": 0.3478254963996887,
  "BGD": 0.06382131717170049,
  "BTN": 0.13225607703340592,
  "IND": 0.1394577686303444,
  "MKD": 0.1424093258636051,
  "NPL": 0.0205201765128608,
  "PAK": 0.04081572524084683,
  "LKA": 0.02741773123703936,
  "ERI": -0.03346761503427638,
  "ZAF": -0.3822193126617448,
  "PSE": -0.23037398362726078,
  "LCA": 0.01011053308915709,
  "BLZ": -0.25341833978206607,
  "GRD": 0.18342472365816923,
  "DJI": -0.040139827024001117,
  "BIH": -0.014671608560479882,
  "WSM": 0.06171754859706335,
  "COD": -0.14891383702373356,
  "XKX": 0.07341113357948402,
  "SRB": 0.11471785263269377,
  "TLS": -0.22952326150896418,
  "VCT": 0.35323852978540704,
  "NAM": 0.29912467580447916,
  "MNE": -0.10377869594049098,
  "TON": -0.06583461027807616,
  "AFG": -0.5403346618440493,
  "IRQ": -0.13291369155245325,
  "KIR": -0.4920067955592507,
  "SDN": 0.20789981523942694,
  "SSD": -0.04376804000408672,
  "BWA": 0.0865963558667241,
  "LBR": 0.11973398272699698,
  "VUT": 0.045008901757753426,
  "SOM": 0.11068927882394594,
  "MHL": -0.6288661167462541,
  "TUV": -0.07589420415402441,
  "MMR": -0.1810858224622953,
  "FJI": -0.3496908227253198
}