Rank,Model,R2,AIC,Active
1,Power Law,0.271677,121.3542,yes
2,Log-Linear,0.268348,121.9379,no
3,Exponential,0.267707,122.0500,no
4,Inverse,0.218006,128.4554,no
5,Linear,0.212944,131.2812,no
6,Quadratic,-0.000003,163.9319,no