Rank,Model,R2,AIC,Active
1,Power Law,0.409931,50.7663,yes
2,Log-Linear,0.406817,51.3504,no
3,Exponential,0.401256,52.3863,no
4,Inverse,0.385030,53.3544,no
5,Linear,0.381005,56.0784,no
6,Quadratic,0.233837,81.7545,no
