Rank,Model,R2,AIC,Active
1,Power Law,0.422245,53.0668,yes
2,Inverse,0.419890,53.5265,no
3,Log-Linear,0.416348,54.2144,no
4,Exponential,0.410324,55.3747,no
5,Free Quadratic,0.407958,57.8272,no
6,Linear,0.387888,59.5944,no
7,Quadratic,0.247144,84.9807,no
