Rank,Model,R2,AIC,N,Coverage_1SE,Active
1,Exponential,0.205313,154.3932,151,0.6887,no
2,Free Quadratic,0.213347,154.8588,151,0.6821,no
3,Linear,0.193390,156.6417,151,0.6755,no
4,Log-Linear,0.190478,157.1861,151,0.6689,no
5,Power Law,0.161196,162.5515,151,0.6887,yes
6,Inverse,0.110552,171.4036,151,0.6887,no
7,Quadratic,-0.000007,191.0950,151,0.6556,no
