Rank,Model,R2,AIC,Active
1,Power Law,0.419203,77.0954,yes
2,Inverse,0.407809,77.4268,no
3,Log-Linear,0.415864,77.7833,no
4,Exponential,0.407778,79.4331,no
5,Linear,0.393695,82.2532,no
6,Quadratic,0.276684,105.4287,no
