Rank,Model,R2,AIC,N,Coverage_1SE,Active
1,Log-Linear,0.536659,-54.8645,94,0.6277,no
2,Power Law,0.531341,-53.7917,94,0.6064,yes
3,Exponential,0.531094,-53.7421,94,0.6170,no
4,Free Quadratic,0.529005,-51.3243,94,0.6277,no
5,Inverse,0.518784,-51.3061,94,0.5638,no
6,Linear,0.516550,-50.8709,94,0.7021,no
7,Quadratic,0.152546,3.8903,94,0.6596,no
